00000002-AUDIO-2025-06-08-12-31-32,LINA
00000004-AUDIO-2025-06-08-15-43-08,EDU
00000005-AUDIO-2025-06-08-15-51-09,EDU
00000006-AUDIO-2025-06-10-08-26-52,LINA
00000007-AUDIO-2025-06-10-08-33-44,LINA
00000008-AUDIO-2025-06-13-19-05-39,EDU
00000009-AUDIO-2025-06-15-23-11-51,EDU
00000010-AUDIO-2025-06-15-23-25-25,EDU
00000011-AUDIO-2025-06-15-23-50-25,EDU
00000012-AUDIO-2025-06-16-14-44-58,LINA
00000013-AUDIO-2025-06-16-14-54-32,LINA
00000014-AUDIO-2025-06-16-15-01-21,LINA
00000015-AUDIO-2025-06-16-15-05-15,LINA
00000016-AUDIO-2025-06-16-16-00-18,EDU
00000017-AUDIO-2025-06-16-16-07-04,EDU
00000018-AUDIO-2025-06-16-16-09-24,EDU
00000019-AUDIO-2025-06-16-16-15-54,EDU
00000021-AUDIO-2025-06-16-16-20-03,EDU